{"feedback_info": [{"input_features": {"ABV": 41.0, "boozy": 36.9, "sweet": 100.0, "sour": 45.0, "bitter": 60.0, "umami": 55.0, "salty": 70.0, "astringent": 54.0, "perceived_t": 46.9069782200146, "spicy": 95.0, "herbal": 55.0, "floral": 50.0, "fruity": 35.0, "nutty": 40.0, "creamy": 75.0, "smoky": 5.0, "seed": "hot chocolate"}, "output_ingredients": ["hot chocolate", "milk", "light rum", "bourbon", "vanilla extract"], "output_amounts": [5.714285714285677, 5.714285714285677, 62.85714285714232, 62.85714285714232, 62.85714285714232], "feedback_rating": 4}, {"input_features": {"ABV": 51.6, "boozy": 46.440000000000005, "sweet": 100.0, "sour": 60.0, "bitter": 55.0, "umami": 45.0, "salty": 65.0, "astringent": 49.5, "perceived_t": 46.87150518464567, "spicy": 75.0, "herbal": 45.0, "floral": 45.0, "fruity": 15.0, "nutty": 55.0, "creamy": 40.0, "smoky": 60.0, "seed": "tabasco sauce"}, "output_ingredients": ["tabasco sauce", "gin", "bitters", "orange peel"], "output_amounts": [8.657999698193699, 95.2379966801305, 95.2379966801305, 0.00022996858355233538], "feedback_rating": 4}]}